{"cameraMode":{"drawMode":0,"name":"Shaded","section":"Shading Mode"},"sceneLighting":true,"audioPlay":false,"sceneViewState":{"showFog":true,"showMaterialUpdate":false,"showSkybox":true,"showFlares":true,"showImageEffects":true,"showParticleSystems":true},"in2DMode":false,"pivot":{"x":19.265419006347658,"y":153.12493896484376,"z":36.66180419921875},"rotation":{"x":-0.11102784425020218,"y":0.03040303662419319,"z":-0.003398157423362136,"w":-0.9933463931083679},"size":376.8609619140625,"orthographic":false}